{"model":{"version":2,"nodes":[{"name":"RootNode","position":[0,0,0],"rotation":[0,0,0],"scale":[1,1,1]},{"name":"Diamond","position":[-0.00000155613,0,0],"rotation":[-90,0,0],"scale":[1,1,1]}],"parents":[-1,0],"skins":[],"vertices":[{"position":{"type":"float32","components":3,"data":[-0.297678,0,0.104329,-0.210491,0.210491,0.104329,0,0,-0.25258,-0.210491,0.210491,0.104329,0,0.297678,0.104329,0,0,-0.25258,0,0.297678,0.104329,0.210491,0.210491,0.104329,0,0,-0.25258,0.210491,0.210491,0.104329,0.297678,0,0.104329,0,0,-0.25258,0.297678,0,0.104329,0.210491,-0.210491,0.104329,0,0,-0.25258,0.210491,-0.210491,0.104329,0,-0.297678,0.104329,0,0,-0.25258,0,-0.297678,0.104329,-0.210491,-0.210491,0.104329,0,0,-0.25258,-0.210491,-0.210491,0.104329,-0.297678,0,0.104329,0,0,-0.25258,0,-0.1779,0.25258,0.125793,-0.125793,0.25258,0.1779,0,0.25258,-0.1779,0,0.25258,0.125793,0.125793,0.25258,0,0.1779,0.25258,-0.125793,0.125793,0.25258,-0.125793,-0.125793,0.25258,-0.297678,0,0.104329,-0.1779,0,0.25258,-0.125793,0.125793,0.25258,-0.210491,0.210491,0.104329,-0.210491,-0.210491,0.104329,-0.125793,-0.125793,0.25258,-0.1779,0,0.25258,-0.297678,0,0.104329,0,-0.297678,0.104329,0,-0.1779,0.25258,-0.125793,-0.125793,0.25258,-0.210491,-0.210491,0.104329,0.210491,-0.210491,0.104329,0.125793,-0.125793,0.25258,0,-0.1779,0.25258,0,-0.297678,0.104329,0.297678,0,0.104329,0.1779,0,0.25258,0.125793,-0.125793,0.25258,0.210491,-0.210491,0.104329,0.210491,0.210491,0.104329,0.125793,0.125793,0.25258,0.1779,0,0.25258,0.297678,0,0.104329,0,0.297678,0.104329,0,0.1779,0.25258,0.125793,0.125793,0.25258,0.210491,0.210491,0.104329,-0.210491,0.210491,0.104329,-0.125793,0.125793,0.25258,0,0.1779,0.25258,0,0.297678,0.104329]},"normal":{"type":"float32","components":3,"data":[-0.7318,0.3031,-0.6104,-0.7318,0.3031,-0.6104,-0.7318,0.3031,-0.6104,-0.3031,0.7318,-0.6104,-0.3031,0.7318,-0.6104,-0.3031,0.7318,-0.6104,0.3031,0.7318,-0.6104,0.3031,0.7318,-0.6104,0.3031,0.7318,-0.6104,0.7318,0.3031,-0.6104,0.7318,0.3031,-0.6104,0.7318,0.3031,-0.6104,0.7318,-0.3031,-0.6104,0.7318,-0.3031,-0.6104,0.7318,-0.3031,-0.6104,0.3031,-0.7318,-0.6104,0.3031,-0.7318,-0.6104,0.3031,-0.7318,-0.6104,-0.3031,-0.7318,-0.6104,-0.3031,-0.7318,-0.6104,-0.3031,-0.7318,-0.6104,-0.7318,-0.3031,-0.6104,-0.7318,-0.3031,-0.6104,-0.7318,-0.3031,-0.6104,0,0,1,0,0,1,0,0,1,0,0,1,0,0,1,0,0,1,0,0,1,0,0,1,-0.7404,0.3067,0.5982,-0.7404,0.3067,0.5982,-0.7404,0.3067,0.5982,-0.7404,0.3067,0.5982,-0.7404,-0.3067,0.5982,-0.7404,-0.3067,0.5982,-0.7404,-0.3067,0.5982,-0.7404,-0.3067,0.5982,-0.3067,-0.7404,0.5982,-0.3067,-0.7404,0.5982,-0.3067,-0.7404,0.5982,-0.3067,-0.7404,0.5982,0.3067,-0.7404,0.5982,0.3067,-0.7404,0.5982,0.3067,-0.7404,0.5982,0.3067,-0.7404,0.5982,0.7404,-0.3067,0.5982,0.7404,-0.3067,0.5982,0.7404,-0.3067,0.5982,0.7404,-0.3067,0.5982,0.7404,0.3067,0.5982,0.7404,0.3067,0.5982,0.7404,0.3067,0.5982,0.7404,0.3067,0.5982,0.3067,0.7404,0.5982,0.3067,0.7404,0.5982,0.3067,0.7404,0.5982,0.3067,0.7404,0.5982,-0.3067,0.7404,0.5982,-0.3067,0.7404,0.5982,-0.3067,0.7404,0.5982,-0.3067,0.7404,0.5982]},"texCoord0":{"type":"float32","components":2,"data":[0.6617,0.4784,0.5674,0.3196,0.9308,0.3185,0.2946,0.6371,0.2003,0.4784,0.4694,0.3185,0.2003,0.4784,0.106,0.3196,0.4694,0.3185,0.756,0.9823,0.6617,0.8236,0.9308,0.6637,0.6617,0.8236,0.5674,0.6649,0.9308,0.6637,0.2946,0.9823,0.2003,0.8236,0.4694,0.6637,0.2003,0.8236,0.106,0.6649,0.4694,0.6637,0.756,0.6371,0.6617,0.4784,0.9308,0.3185,0.6566,0.0964,0.6554,0.2159,0.5701,0.2995,0.4535,0.01,0.4507,0.2983,0.3671,0.213,0.3683,0.0936,0.573,0.0112,0.6617,0.4784,0.5499,0.5448,0.4935,0.4499,0.5674,0.3196,0.756,0.6371,0.6062,0.6396,0.5499,0.5448,0.6617,0.4784,0.2003,0.8236,0.0885,0.89,0.0321,0.7952,0.106,0.6649,0.2946,0.9823,0.1448,0.9849,0.0885,0.89,0.2003,0.8236,0.6617,0.8236,0.5499,0.89,0.4935,0.7952,0.5674,0.6649,0.756,0.9823,0.6062,0.9849,0.5499,0.89,0.6617,0.8236,0.2003,0.4784,0.0885,0.5448,0.0321,0.4499,0.106,0.3196,0.2946,0.6371,0.1448,0.6396,0.0885,0.5448,0.2003,0.4784]},"texCoord1":{"data":[0.3276985210348271,0.1940650475258169,0.3276985210348271,0.001953125,0.001953125,0.1940650475258169,0.3276985210348271,0.9781377376290845,0.3276985210348271,0.7860258151032676,0.001953125,0.7860258151032676,0.6573501670696542,0.3900832200516338,0.6573501670696542,0.1979712975258169,0.3316047710348271,0.3900832200516338,0.6612564170696542,0.001953125,0.6612564170696542,0.1940650475258169,0.9870018131044813,0.1940650475258169,0.001953125,0.1979712975258169,0.001953125,0.3900832200516338,0.3276985210348271,0.1979712975258169,0.001953125,0.39398947005163387,0.001953125,0.5861013925774508,0.3276985210348271,0.5861013925774508,0.001953125,0.5900076425774508,0.001953125,0.7821195651032676,0.3276985210348271,0.5900076425774508,0.6573501670696542,0.1940650475258169,0.6573501670696542,0.001953125,0.3316047710348271,0.001953125,0.4705037721034362,0.6717874721888519,0.5687191854897404,0.6311038845065471,0.6094027731720453,0.5328884711202428,0.3316047710348271,0.5328884711202428,0.5687191854897404,0.43467305773393855,0.4705037721034362,0.39398947005163376,0.3722883587171319,0.43467305773393855,0.3722883587171319,0.6311038845065471,0.6612564170696542,0.388971722463865,0.7957800023891717,0.388971722463865,0.7957800023891717,0.27482662146557113,0.6612564170696542,0.19797129752581694,0.6133090231720453,0.5849898949896819,0.7478326084915627,0.5081345710499277,0.7478326084915627,0.3939894700516338,0.6133090231720453,0.3939894700516338,0.4661283563543447,0.6756937221888519,0.33160477103482716,0.6756937221888519,0.33160477103482716,0.7898388231871458,0.4661283563543447,0.8666941471269001,0.7478326084915627,0.5888961449896819,0.6133090231720453,0.665751468929436,0.6133090231720453,0.7798965699277299,0.7478326084915627,0.7798965699277299,0.9342098377086893,0.1979712975258169,0.7996862523891717,0.1979712975258169,0.7996862523891717,0.31211639852411077,0.9342098377086893,0.388971722463865,0.8862624438110802,0.39398947005163387,0.7517388584915627,0.470844793991388,0.7517388584915627,0.5849898949896819,0.8862624438110802,0.5849898949896819,0.4700346063543447,0.8666941471269001,0.6045581916738623,0.8666941471269001,0.6045581916738623,0.7525490461286062,0.4700346063543447,0.6756937221888519,0.6133090231720453,0.974803244865778,0.7478326084915627,0.8979479209260238,0.7478326084915627,0.7838028199277299,0.6133090231720453,0.7838028199277299],"components":2,"type":"float32"}}],"meshes":[{"aabb":{"min":[-0.297678,-0.297678,-0.25258],"max":[0.297678,0.297678,0.25258]},"vertices":0,"indices":[0,1,2,21,22,23,32,33,34,34,35,32,36,37,38,38,39,36,9,10,11,12,13,14,48,49,50,50,51,48,52,53,54,54,55,52,15,16,17,18,19,20,40,41,42,42,43,40,44,45,46,46,47,44,3,4,5,6,7,8,56,57,58,58,59,56,60,61,62,62,63,60,24,25,26,26,27,24,26,28,29,29,27,26,29,30,27,31,24,27],"type":"triangles","base":0,"count":90}],"meshInstances":[{"node":1,"mesh":0}]}}